시설명,시설유형,소재지도로명주소,소재지지번주소,위도,경도,영업상태명,전화번호,건립일자,건물면적,관리기관명,데이터기준일자
이도주공아파트경로당,경로당,강원특별자치도 동해시 이원길180-2 (이도동),강원특별자치도 동해시 이도동 155,37.47778735,129.1106682,영업,033-521-0161,2000-04-26,120,강원특별자치도 동해시청,2025-11-04
분토경로당,경로당,강원특별자치도 동해시 분토길116-1 (지흥동),강원특별자치도 동해시 지흥동 193-2,37.5025107,129.1012037,영업,033-521-0366,1997-04-12,77,강원특별자치도 동해시청,2025-11-04
이도경로당,경로당,강원특별자치도 동해시 전천로116 (이도동),강원특별자치도 동해시 이도동 452-2,37.4792392,129.1067888,영업,033-521-0678,1996-10-01,100,강원특별자치도 동해시청,2025-11-04
쇄운경로당,경로당,강원특별자치도 동해시 효자로534 (쇄운동),강원특별자치도 동해시 쇄운동 312-1,37.4855481,129.0951797,영업,033-521-0682,2012-02-06,303,강원특별자치도 동해시청,2025-11-04
이도2주공아파트경로당,경로당,강원특별자치도 동해시 이원길180-2 (이도동),강원특별자치도 동해시 이도동 155,37.47778735,129.1106682,영업,033-521-1266,2009-01-07,44,강원특별자치도 동해시청,2025-11-04
신흥경로당,경로당,강원특별자치도 동해시 서동로825-1 (신흥동),강원특별자치도 동해시 신흥동 193-2,37.5194347,129.0210289,영업,033-521-1438,1991-01-21,91,강원특별자치도 동해시청,2025-11-04
동회경로당,경로당,강원특별자치도 동해시 동회길14 (동회동),강원특별자치도 동해시 동회동 326-5,37.49111791,129.1000075,영업,033-521-1799,1996-12-23,161,강원특별자치도 동해시청,2025-11-04
봉정경로당,경로당,강원특별자치도 동해시 봉정2길7-2 (단봉동),강원특별자치도 동해시 단봉동 326-1,37.47445268,129.1240046,영업,033-521-2250,1995-11-24,104,강원특별자치도 동해시청,2025-11-04
양지마을경로당,경로당,강원특별자치도 동해시 양지1길2-2 (효가동),강원특별자치도 동해시 효가동 362-124,37.50368113,129.107806,영업,033-521-2292,2010-04-05,166,강원특별자치도 동해시청,2025-11-04
지흥경로당,경로당,강원특별자치도 동해시 지양길112 (지흥동),강원특별자치도 동해시 지흥동 147-1,37.49816725,129.0984063,영업,033-521-2568,1996-06-26,105,강원특별자치도 동해시청,2025-11-04
가원경로당,경로당,강원특별자치도 동해시 지가길106 (지가동),강원특별자치도 동해시 지가동 144,37.4717884,129.1087983,영업,033-521-2842,2012-01-19,87,강원특별자치도 동해시청,2025-11-04
지상경로당,경로당,강원특별자치도 동해시 지가길168 (지가동),강원특별자치도 동해시 지가동 산62-1,37.46720565,129.1051533,영업,033-521-3480,1997-03-20,54,강원특별자치도 동해시청,2025-11-04
나안경로당,경로당,강원특별자치도 동해시 나안1길20 (나안동),강원특별자치도 동해시 나안동 164-7,37.48457226,129.1111125,영업,033-521-4577,2012-01-12,102,강원특별자치도 동해시청,2025-11-04
운곡경로당,경로당,강원특별자치도 동해시 대동로21-23 (대구동),강원특별자치도 동해시 대구동 305-7,37.47482925,129.1313991,영업,033-521-4656,2003-10-06,36,강원특별자치도 동해시청,2025-11-04
북평주공2차아파트경로당,경로당,강원특별자치도 동해시 전천로270 (북평동),강원특별자치도 동해시 북평동 151-5,37.48128266,129.1217328,영업,033-521-4778,2007-03-01,50,강원특별자치도 동해시청,2025-11-04
북평경로당,경로당,강원특별자치도 동해시 구미택지1길91 (구미동),강원특별자치도 동해시 구미동 550,37.48021023,129.1277126,영업,033-521-5001,1995-11-02,207,강원특별자치도 동해시청,2025-11-04
현진에버빌 경로당,경로당,"강원특별자치도 동해시 구미4길1 (구미동,현진아파트 경로당)",강원특별자치도 동해시 구미동 521,37.48200752,129.1297481,영업,033-521-5591,2004-02-25,101,강원특별자치도 동해시청,2025-11-04
대구경로당,경로당,강원특별자치도 동해시 대호길43 (대구동),강원특별자치도 동해시 대구동 128-1,37.46715545,129.1381593,영업,033-521-6260,1992-04-09,202,강원특별자치도 동해시청,2025-11-04
서학골경로당,경로당,강원특별자치도 동해시 서학길 37 (신흥동),강원특별자치도 동해시 신흥동 87-3,37.51598149,129.0174983,영업,033-521-6765,2012-07-03,32,강원특별자치도 동해시청,2025-11-04
명보2차아파트경로당,경로당,강원특별자치도 동해시 효가로 10-5 (효가동),강원특별자치도 동해시 효가동 248,37.49645606,129.1092374,영업,033-521-7709,2010-07-05,138,강원특별자치도 동해시청,2025-11-04
하우스디아파트경로당,경로당,강원특별자치도 동해시 효자남길 33-20 (북삼동),강원특별자치도 동해시 동회동 451,37.48924697,129.1066365,영업,033-521-7709,2019-05-07,117,강원특별자치도 동해시청,2025-11-04
효가경로당,경로당,강원특별자치도 동해시 효가리본길9 (효가동),강원특별자치도 동해시 효가동 467-4,37.49378526,129.1068486,영업,033-521-7724,1996-10-01,88,강원특별자치도 동해시청,2025-11-04
귀운경로당,경로당,강원특별자치도 동해시 귀운길28 (귀운동),강원특별자치도 동해시 귀운동 127-1,37.47654144,129.0963393,영업,033-521-8001,2012-01-19,81,강원특별자치도 동해시청,2025-11-04
벽오경로당,경로당,강원특별자치도 동해시 강원남부로4707 (단봉동),강원특별자치도 동해시 단봉동 513,37.4707525,129.1156432,영업,033-521-9210,1996-10-01,258,강원특별자치도 동해시청,2025-11-04
섬안경로당,경로당,강원특별자치도 동해시 이원길73-7 (이도동),강원특별자치도 동해시 이도동 683,37.48061587,129.0995224,영업,033-521-9552,2015-01-26,88,강원특별자치도 동해시청,2025-11-04
배골경로당,경로당,강원특별자치도 동해시 전천로152 (이도동),강원특별자치도 동해시 이도동 271-1,37.48012438,129.1103832,영업,033-521-9751,1998-07-10,165,강원특별자치도 동해시청,2025-11-04
대동아파트경로당,경로당,강원특별자치도 동해시 청운1길29 (동회동),강원특별자치도 동해시 동회동 442,37.48761131,129.1035481,영업,033-522-0545,1996-04-13,188,강원특별자치도 동해시청,2025-11-04
협성아파트 경로당,경로당,강원특별자치도 동해시 효자남길10 (동회동),강원특별자치도 동해시 동회동 90,37.4874315,129.1086827,영업,033-522-0653,2010-04-05,29,강원특별자치도 동해시청,2025-11-04
추암경로당,경로당,강원특별자치도 동해시 추암택지길 13 (추암동),강원특별자치도 동해시 추암동 402-12,37.4769599,129.1568634,영업,033-522-1607,1998-04-08,255,강원특별자치도 동해시청,2025-11-04
북평13통경로당,경로당,강원특별자치도 동해시 구미3길46 (구미동),강원특별자치도 동해시 구미동 429,37.48386079,129.1268363,영업,033-522-1647,2015-01-26,49,강원특별자치도 동해시청,2025-11-04
단실경로당,경로당,강원특별자치도 동해시 강원남부로4755 (단봉동),강원특별자치도 동해시 단봉동 596-6,37.4745684,129.1181738,영업,033-522-2290,1999-06-19,73,강원특별자치도 동해시청,2025-11-04
북삼코아루아파트경로당,경로당,강원특별자치도 동해시 효자남길9 (동회동),강원특별자치도 동해시 동회동 442,37.48812902,129.1076662,영업,033-522-3608,2007-12-28,133,강원특별자치도 동해시청,2025-11-04
동아더프라임아파트경로당,경로당,"강원특별자치도 동해시 양지길20-1, 2단지 (효가동)",강원특별자치도 동해시 효가동 481,37.49869345,129.108029,영업,033-522-3608,2017-02-17,88,강원특별자치도 동해시청,2025-11-04
동회 현대아파트 경로당,경로당,강원특별자치도 동해시 청운1길29 (동회동),강원특별자치도 동해시 동회동 442,37.48761131,129.1035481,영업,033-522-3938,1997-05-19,133,강원특별자치도 동해시청,2025-11-04
송정경로당,경로당,강원특별자치도 동해시 송정2길23 (송정동),강원특별자치도 동해시 송정동 1042,37.49496903,129.1240883,영업,033-522-4042,1999-10-06,165,강원특별자치도 동해시청,2025-11-04
e편한세상아파트 경로당,경로당,"강원특별자치도 동해시 단봉길39 (북평동,e편한세상아파트)",강원특별자치도 동해시 북평동 327,37.47947965,129.1215402,영업,033-522-4308,2020-12-10,133,강원특별자치도 동해시청,2025-11-04
구미경로당,경로당,강원특별자치도 동해시 구미택지3길9-3 (구미동),강원특별자치도 동해시 구미동 591,37.47779218,129.1283743,영업,033-522-4579,2000-11-09,119,강원특별자치도 동해시청,2025-11-04
부영아파트경로당,경로당,강원특별자치도 동해시 청운1길30 (쇄운동),강원특별자치도 동해시 쇄운동 8,37.48521236,129.1059482,영업,033-522-4616,2013-10-14,290,강원특별자치도 동해시청,2025-11-04
북평1통경로당,경로당,강원특별자치도 동해시 전천로262-1 (북평동),강원특별자치도 동해시 북평동 111-10,37.48074788,129.1210023,영업,033-522-4621,1998-05-15,133,강원특별자치도 동해시청,2025-11-04
호현경로당,경로당,강원특별자치도 동해시 범고개길49 (호현동),강원특별자치도 동해시 호현동 86-2,37.46675788,129.1294089,영업,033-522-4630,1996-09-23,93,강원특별자치도 동해시청,2025-11-04
이도현대아파트경로당,경로당,강원특별자치도 동해시 이원길180 (이도동),강원특별자치도 동해시 이도동 172,37.47972829,129.1109774,영업,033-522-5518,1997-05-19,99,강원특별자치도 동해시청,2025-11-04
북삼경로당,경로당,강원특별자치도 동해시 신당2길 4-1 (동회동),강원특별자치도 동해시 동회동 200-13,37.49274486,129.1058381,영업,033-522-5848,1996-10-01,183,강원특별자치도 동해시청,2025-11-04
송정LH아파트 경로당,경로당,강원특별자치도 동해시 동해역길19 (송정동),강원특별자치도 동해시 송정동 1683,37.4942036,129.1215364,영업,033-522-6500,2010-03-24,124,강원특별자치도 동해시청,2025-11-04
한양2차·3차아파트경로당,경로당,강원특별자치도 동해시 천곡로15 (천곡동),강원특별자치도 동해시 천곡동 794,37.52712917,129.1065402,영업,033-531-3254,1991-01-21,137,강원특별자치도 동해시청,2025-11-04
금호어울림 아파트 경로당,경로당,강원특별자치도 동해시 평릉길14 (천곡동),강원특별자치도 동해시 천곡동 1102,37.52792749,129.1022605,영업,033-531-4926,2013-07-24,57,강원특별자치도 동해시청,2025-11-04
대림아파트 경로당,경로당,강원특별자치도 동해시 관사길6 (발한동),강원특별자치도 동해시 발한동 253,37.55029744,129.1055931,영업,033-531-5859,2002-05-11,52,강원특별자치도 동해시청,2025-11-04
묵호경로당,경로당,강원특별자치도 동해시 묵호시장길27 (묵호진동),강원특별자치도 동해시 묵호진동 15-5,37.55263391,129.1154336,영업,033-531-6022,1993-04-28,162,강원특별자치도 동해시청,2025-11-04
평릉경로당,경로당,강원특별자치도 동해시 평릉길48 (평릉동),강원특별자치도 동해시 평릉동 401-17,37.53010386,129.1013385,영업,033-531-6560,2012-02-02,148,강원특별자치도 동해시청,2025-11-04
망상 샘물경로당,경로당,강원특별자치도 동해시 해안로635-15 (발한동),강원특별자치도 동해시 발한동 356-1,37.55740516,129.1028391,영업,033-531-6616,2010-09-10,57,강원특별자치도 동해시청,2025-11-04
센트로빌아파트경로당,경로당,강원특별자치도 동해시 한섬로73 (천곡동),강원특별자치도 동해시 천곡동 1060-2,37.52102055,129.1122723,영업,033-531-7077,2003-12-23,53,강원특별자치도 동해시청,2025-11-04
경민2차아파트경로당,경로당,강원특별자치도 동해시 수원지2길6-6 (발한동),강원특별자치도 동해시 발한동 599-59,37.54031823,129.1009803,영업,033-531-8411,1999-08-31,37,강원특별자치도 동해시청,2025-11-04
산제골경로당,경로당,강원특별자치도 동해시 해맞이길175 (묵호진동),강원특별자치도 동해시 묵호진동 85-20,37.55779375,129.1094801,영업,033-531-8482,1999-11-30,113,강원특별자치도 동해시청,2025-11-04
동아아파트경로당,경로당,강원특별자치도 동해시 천곡로56-3 (천곡동),강원특별자치도 동해시 천곡동 1078-8,37.52220302,129.1120747,영업,033-531-9109,1993-04-28,62,강원특별자치도 동해시청,2025-11-04
천곡경로당,경로당,강원특별자치도 동해시 감추6길23-3 (천곡동),강원특별자치도 동해시 천곡동 970-32,37.5178691,129.1214654,영업,033-531-9154,1993-12-06,97,강원특별자치도 동해시청,2025-11-04
동호경로당,경로당,강원특별자치도 동해시 동호4길13 (발한동),강원특별자치도 동해시 발한동 512-16,37.5453571,129.1012675,영업,033-532-0547,2011-10-14,91,강원특별자치도 동해시청,2025-11-04
해안부영아파트 경로당,경로당,강원특별자치도 동해시 평원로 110 (평릉동),강원특별자치도 동해시 평릉동 448,37.53347553,129.1130468,영업,033-532-2275,2014-05-08,104,강원특별자치도 동해시청,2025-11-04
삼성아파트경로당,경로당,강원특별자치도 동해시 대학로31 (천곡동),강원특별자치도 동해시 천곡동 1077-1,37.52326468,129.1121848,영업,033-532-3029,1996-10-01,99,강원특별자치도 동해시청,2025-11-04
동해푸르지오 경로당,경로당,강원특별자치도 동해시 평릉1길39 (평릉동),강원특별자치도 동해시 평릉동 293,37.53010318,129.0996703,영업,033-532-3277,2007-05-15,99,강원특별자치도 동해시청,2025-11-04
향로경로당,경로당,강원특별자치도 동해시 향로복개로37 (발한동),강원특별자치도 동해시 발한동 107-6,37.54215855,129.1051431,영업,033-532-3649,1974-06-14,200,강원특별자치도 동해시청,2025-11-04
찬물래기경로당,경로당,강원특별자치도 동해시 동굴로149 (천곡동),강원특별자치도 동해시 천곡동 942,37.52001892,129.1201789,영업,033-532-3839,2001-11-06,62,강원특별자치도 동해시청,2025-11-04
등대경로당,경로당,강원특별자치도 동해시 해맞이길267 (묵호진동),강원특별자치도 동해시 묵호진동 3-117,37.556649,129.1172444,영업,033-532-4070,2000-10-12,83,강원특별자치도 동해시청,2025-11-04
어달경로당,경로당,강원특별자치도 동해시 어달길19 (어달동),강원특별자치도 동해시 어달동 69-3,37.56606838,129.1172617,영업,033-532-5687,1996-12-19,205,강원특별자치도 동해시청,2025-11-04
주공6차 아파트 경로당,경로당,강원특별자치도 동해시 평릉1길37 (천곡동),강원특별자치도 동해시 천곡동 1101,37.52863974,129.100998,영업,033-532-5767,2007-03-02,86,강원특별자치도 동해시청,2025-11-04
녹등경로당,경로당,강원특별자치도 동해시 녹등길 11(묵호진동),강원특별자치도 동해시 묵호진동 2-60,37.55769546,129.1206852,영업,033-532-5810,2022-01-05,84,강원특별자치도 동해시청,2025-11-04
승지경로당,경로당,강원특별자치도 동해시 승지로266 (부곡동),강원특별자치도 동해시 부곡동 443-38,37.53921541,129.0753473,영업,033-532-6538,2003-06-05,86,강원특별자치도 동해시청,2025-11-04
주공5차아파트경로당,경로당,강원특별자치도 동해시 동굴로15 (천곡동),강원특별자치도 동해시 천곡동 1098,37.51673012,129.1057561,영업,033-532-6991,1996-06-21,214,강원특별자치도 동해시청,2025-11-04
부곡경로당,경로당,강원특별자치도 동해시 부곡복개로46 (부곡동),강원특별자치도 동해시 부곡동 137-22,37.53614459,129.106926,영업,033-532-7465,2001-02-07,166,강원특별자치도 동해시청,2025-11-04
범주성지아파트경로당,경로당,강원특별자치도 동해시 초원2길5 (용정동),강원특별자치도 동해시 용정동 260-2,37.51194695,129.1237085,영업,033-532-7838,1998-06-01,83,강원특별자치도 동해시청,2025-11-04
묵호주공아파트경로당,경로당,강원특별자치도 동해시 해맞이길215 (묵호진동),강원특별자치도 동해시 묵호진동 110,37.55946127,129.1127034,영업,033-532-8483,2007-07-06,86,강원특별자치도 동해시청,2025-11-04
큰발한경로당,경로당,강원특별자치도 동해시 발한천길53 (발한동),강원특별자치도 동해시 발한동 479-1,37.553056,129.1001282,영업,033-532-9327,2012-09-25,93,강원특별자치도 동해시청,2025-11-04
새터경로당,경로당,강원특별자치도 동해시 천곡3길17-3 (천곡동),강원특별자치도 동해시 천곡동 799-17,37.52506398,129.1110742,영업,033-533-1210,1997-12-15,101,강원특별자치도 동해시청,2025-11-04
발한경로당,경로당,강원특별자치도 동해시 일출로 14-1 (발한동),강원특별자치도 동해시 발한동 2-37,37.55017276,129.1100272,영업,033-533-2984,1999-09-13,94,강원특별자치도 동해시청,2025-11-04
사문경로당,경로당,강원특별자치도 동해시 해안로619 (발한동),강원특별자치도 동해시 발한동 342-3,37.5552278,129.1033919,영업,033-533-3255,1995-05-09,65,강원특별자치도 동해시청,2025-11-04
주공3차아파트경로당,경로당,강원특별자치도 동해시 동굴로61-19 (천곡동),강원특별자치도 동해시 천곡동 306,37.51945679,129.1087091,영업,033-533-3272,2015-01-26,63,강원특별자치도 동해시청,2025-11-04
대원곡경로당,경로당,강원특별자치도 동해시 지리1길35-1 (발한동),강원특별자치도 동해시 발한동 234-53,37.54859942,129.1028859,영업,033-533-5733,2007-10-17,107,강원특별자치도 동해시청,2025-11-04
롯데아파트경로당,경로당,강원특별자치도 동해시 감추7길22-11 (천곡동),강원특별자치도 동해시 천곡동 91-2,37.51333278,129.1210489,영업,033-533-7191,2008-01-23,68,강원특별자치도 동해시청,2025-11-04
현대아파트경로당,경로당,강원특별자치도 동해시 한섬로8 (천곡동),강원특별자치도 동해시 천곡동 380-2,37.51877628,129.1064437,영업,033-533-7572,2012-02-06,86,강원특별자치도 동해시청,2025-11-04
천곡주공4차아파트경로당,경로당,강원특별자치도 동해시 샘실1길5 (천곡동),강원특별자치도 동해시 천곡동 415,37.52016399,129.1036572,영업,033-533-8468,1989-12-20,83,강원특별자치도 동해시청,2025-11-04
골말경로당,경로당,강원특별자치도 동해시 동호로33 (발한동),강원특별자치도 동해시 발한동 760-23,37.54429345,129.0987964,영업,033-533-8669,2000-03-04,180,강원특별자치도 동해시청,2025-11-04
발한삼성아파트경로당,경로당,강원특별자치도 동해시 해안로605 (발한동),강원특별자치도 동해시 발한동 334-1,37.55311827,129.1030529,영업,033-533-8742,2004-03-17,72,강원특별자치도 동해시청,2025-11-04
봉오경로당,경로당,강원특별자치도 동해시 봉오주택길20-3 (용정동),강원특별자치도 동해시 용정동 268-216,37.510799,129.1208483,영업,033-533-8868,1995-01-25,242,강원특별자치도 동해시청,2025-11-04
월평경로당,경로당,강원특별자치도 동해시 효자로94-4 (이로동),강원특별자치도 동해시 이로동 747-6,37.49554377,129.0523056,영업,033-534-0711,2017-10-31,111,강원특별자치도 동해시청,2025-11-04
천곡주공1차아파트경로당,경로당,강원특별자치도 동해시 천곡로 20 (천곡동),강원특별자치도 동해시 천곡동 1080,37.52469892,129.107194,영업,033-534-1183,2012-07-03,120,강원특별자치도 동해시청,2025-11-04
동막경로당,경로당,강원특별자치도 동해시 효자로243-3 (이로동),강원특별자치도 동해시 이로동 127-2,37.49064824,129.0683336,영업,033-534-2688,2014-06-13,192,강원특별자치도 동해시청,2025-11-04
대진경로당,경로당,강원특별자치도 동해시 대진항길21-1 (대진동),강원특별자치도 동해시 대진동 1,37.57897611,129.1144665,영업,033-534-3100,1995-09-11,104,강원특별자치도 동해시청,2025-11-04
심곡경로당,경로당,강원특별자치도 동해시 약천길19 (심곡동),강원특별자치도 동해시 심곡동 664,37.57849643,129.0848042,영업,033-534-3433,2012-02-02,78,강원특별자치도 동해시청,2025-11-04
만우경로당,경로당,강원특별자치도 동해시 마상천길308 (만우동),강원특별자치도 동해시 만우동 222-6,37.55840021,129.0722119,영업,033-534-3482,2005-08-22,125,강원특별자치도 동해시청,2025-11-04
망상2통마을경로당,경로당,강원특별자치도 동해시 망상길46 (망상동),강원특별자치도 동해시 망상동 360-17,37.59114294,129.0890342,영업,033-534-3528,2009-02-10,115,강원특별자치도 동해시청,2025-11-04
초구경로당,경로당,강원특별자치도 동해시 초구길30 (초구동),강원특별자치도 동해시 초구동 135,37.5742855,129.0878906,영업,033-534-3839,2001-12-27,176,강원특별자치도 동해시청,2025-11-04
괴란경로당,경로당,강원특별자치도 동해시 괴란길50 (괴란동),강원특별자치도 동해시 괴란동 431,37.57113954,129.0701266,영업,033-534-3979,2003-02-08,129,강원특별자치도 동해시청,2025-11-04
기곡경로당,경로당,강원특별자치도 동해시 석두골길7-36 (망상동),강원특별자치도 동해시 망상동 409-14,37.59573309,129.0786997,영업,033-534-3982,2006-03-20,194,강원특별자치도 동해시청,2025-11-04
이로경로당,경로당,강원특별자치도 동해시 월평로47-1 (이로동),강원특별자치도 동해시 이로동 433-20,37.49298012,129.0562879,영업,033-534-7315,2015-01-26,295,강원특별자치도 동해시청,2025-11-04
삼화경로당,경로당,강원특별자치도 동해시 무릉1길16 (이로동),강원특별자치도 동해시 이로동 179-1,37.4885634,129.0667744,영업,033-534-8004,1992-10-01,155,강원특별자치도 동해시청,2025-11-04
홍도경로당,경로당,강원특별자치도 동해시 삼화4길 17 (이로동),강원특별자치도 동해시 이로동 17-23,37.48722591,129.0704942,영업,033-534-8122,2020-11-02,140,강원특별자치도 동해시청,2025-11-04
노봉경로당,경로당,강원특별자치도 동해시 노봉안길7 (망상동),강원특별자치도 동해시 망상동 39-22,37.58412717,129.1020077,영업,033-534-8144,2004-09-13,164,강원특별자치도 동해시청,2025-11-04
취병경로당,경로당,강원특별자치도 동해시 효자로404-1 (쇄운동),강원특별자치도 동해시 쇄운동 668-2,37.4821446,129.0821745,영업,033-534-8844,2012-01-18,35,강원특별자치도 동해시청,2025-11-04
삼흥경로당,경로당,강원특별자치도 동해시 월평로133 (이로동),강원특별자치도 동해시 이로동 998-3,37.49686805,129.048102,영업,033-534-9107,2009-01-02,79,강원특별자치도 동해시청,2025-11-04
금곡경로당,경로당,강원특별자치도 동해시 삼화로233 (삼화동),강원특별자치도 동해시 삼화동 433-2,37.47701319,129.0481954,영업,033-534-9730,2015-01-26,90,강원특별자치도 동해시청,2025-11-04
한양1차아파트경로당,경로당,강원특별자치도 동해시 천곡로7 (천곡동),강원특별자치도 동해시 천곡동 791,37.52596283,129.106597,영업,033-535-1427,2012-02-23,85,강원특별자치도 동해시청,2025-11-04
주공2차아파트경로당,경로당,강원특별자치도 동해시 한섬로87 (천곡동),강원특별자치도 동해시 천곡동 1060-1,37.52102832,129.1128604,영업,033-535-2105,1991-11-30,50,강원특별자치도 동해시청,2025-11-04
초록경로당,경로당,강원특별자치도 동해시 동굴1길24 (천곡동),강원특별자치도 동해시 천곡동 1035-15,37.5184339,129.113217,영업,033-535-2228,2009-01-10,182,강원특별자치도 동해시청,2025-11-04
삼본아파트경로당,경로당,"강원특별자치도 동해시 해맞이길231, 아파트상가건물 (묵호진동)",강원특별자치도 동해시 묵호진동 1-83,37.55886212,129.1152227,영업,033-535-2589,1998-07-15,54,강원특별자치도 동해시청,2025-11-04
샘실8단지경로당,경로당,강원특별자치도 동해시 샘실1길43 (천곡동),강원특별자치도 동해시 천곡동 411-1,37.52134096,129.1070357,영업,033-535-3187,2012-01-09,101,강원특별자치도 동해시청,2025-11-04
매동경로당,경로당,강원특별자치도 동해시 가마골길33 (부곡동),강원특별자치도 동해시 부곡동 173-6,37.53678458,129.1007847,영업,033-535-3806,1996-01-16,118,강원특별자치도 동해시청,2025-11-04
항골경로당,경로당,강원특별자치도 동해시 항골길 8 (천곡동),강원특별자치도 동해시 천곡동 1084-23,37.5248467,129.1062564,영업,033-535-5506,2015-07-21,98,강원특별자치도 동해시청,2025-11-04
하나리움아파트경로당,경로당,"강원특별자치도 동해시 평원로115, 104동 (평릉동,하나리움아파트)",강원특별자치도 동해시 평릉동 449,37.53349389,129.1119854,영업,000-0000-0000,2011-01-27,149,강원특별자치도 동해시청,2025-11-04
평릉코아루경로당,경로당,강원특별자치도 동해시 평원로 100 (평릉동),강원특별자치도 동해시 평릉동 456,37.5319626,129.1140511,영업,000-0000-0000,2015-07-08,112,강원특별자치도 동해시청,2025-11-04
엘리시아아파트경로당,경로당,강원특별자치도 동해시 평원로 107 (평릉동),강원특별자치도 동해시 평릉동 450,37.53212953,129.1113526,영업,000-0000-0000,2017-06-12,69,강원특별자치도 동해시청,2025-11-04
시영아파트경로당,경로당,"강원특별자치도 동해시 동굴로 26-1, 상가2층 201호 (천곡동)",강원특별자치도 동해시 천곡동 1004-1,37.51599877,129.1074945,영업,000-0000-0000,2019-01-04,83,강원특별자치도 동해시청,2025-11-04
ES아뜨리움아파트 경로당,경로당,강원특별자치도 동해시 평릉길 21-1 (천곡동),강원특별자치도 동해시 천곡동 1105,37.52720166,129.0994875,영업,000-0000-0000,2020-06-10,113,강원특별자치도 동해시청,2025-11-04
금호어울림라포레경로당,경로당,강원특별자치도 동해시 항골길 65 (천곡동),강원특별자치도 동해시 천곡동 1111,37.52387832,129.1004333,영업,000-0000-0000,2022-06-07,121,강원특별자치도 동해시청,2025-11-04
이안아파트경로당,경로당,강원특별자치도 동해시 천곡로 5 (천곡동),강원특별자치도 동해시 천곡동 788,37.5263875,129.1060995,영업,000-0000-0000,2023-10-16,69,강원특별자치도 동해시청,2025-11-04
늘푸른경로당,경로당,강원특별자치도 동해시 동해항 2길 16 (송정동),강원특별자치도 동해시 송정동 849-24,37.49892264,129.1278644,영업,000-0000-0000,2022-08-24,107,강원특별자치도 동해시청,2025-11-04
아름다운아침아파트 경로당,경로당,강원특별자치도 동해시 효자로 572-1 (쇄운동),강원특별자치도 동해시 쇄운동 1100,37.48767575,129.0991066,영업,000-0000-0000,2015-03-02,79,강원특별자치도 동해시청,2025-11-04
청운경로당,경로당,강원특별자치도 동해시 청운3길 34-1 (쇄운동),강원특별자치도 동해시 쇄운동 80-29,37.48482798,129.0987114,영업,000-0000-0000,2019-05-21,100,강원특별자치도 동해시청,2025-11-04
아델리움아파트경로당,경로당,강원특별자치도 동해시 효가1로 58 (효가동),강원특별자치도 동해시 효가동 488,37.49479907,129.1142438,영업,000-0000-0000,2021-12-07,125,강원특별자치도 동해시청,2025-11-04
효자경로당,경로당,강원특별자치도 동해시 효자남길 52-5(동회동),강원특별자치도 동해시 동회동 54-2,37.49062764,129.1088936,영업,000-0000-0000,2024-01-24,115,강원특별자치도 동해시청,2025-11-04
스위첸아파트경로당,경로당,"강원특별자치도 동해시 효자로 631, 104동",강원특별자치도 동해시 동회동 459,37.49228868,129.1021948,영업,000-0000-0000,2024-07-02,126,강원특별자치도 동해시청,2025-11-04
동화아파트경로당,경로당,강원특별자치도 동해시 발한로 31-5 (부곡동),강원특별자치도 동해시 부곡동 95-22,37.53486484,129.1035122,영업,000-0000-0000,2015-05-06,73,강원특별자치도 동해시청,2025-11-04
삼정2차아파트경로당,경로당,"강원특별자치도 동해시 임항로 55 (부곡동, 삼정상가아파트)",강원특별자치도 동해시 부곡동 126-1,37.53905447,129.1077794,영업,000-0000-0000,2018-04-18,69,강원특별자치도 동해시청,2025-11-04
돌담경로당,경로당,강원특별자치도 동해시 부곡 6길16(부곡동),강원특별자치도 동해시 부곡동 49-19,37.53654861,129.1100128,영업,000-0000-0000,2022-08-24,139,강원특별자치도 동해시청,2025-11-04
현대썬앤빌아파트경로당,경로당,강원특별자치도 동해시 지리골길 31 (발한동),강원특별자치도 동해시 발한동 801,37.54717351,129.1004614,영업,000-0000-0000,2019-04-08,85,강원특별자치도 동해시청,2025-11-04
해뜰마을경로당,경로당,강원특별자치도 동해시 동문산2길 7 (발한동),강원특별자치도 동해시 발한동 329-15,37.5525218,129.106966,영업,000-0000-0000,2019-04-02,52,강원특별자치도 동해시청,2025-11-04
관사경로당,경로당,강원특별자치도 동해시 관사길 23-2 (발한동),강원특별자치도 동해시 발한동 261-199,37.55004521,129.1035315,영업,000-0000-0000,2022-07-14,67,강원특별자치도 동해시청,2025-11-04
해돋이경로당,경로당,강원특별자치도 동해시 부두길 8 (발한동),강원특별자치도 동해시 발한동 80-239,37.54239512,129.1122391,영업,000-0000-0000,2023-07-25,34,강원특별자치도 동해시청,2025-11-04
덕장경로당,경로당,강원특별자치도 동해시 덕장1길47-9 (묵호진동),강원특별자치도 동해시 묵호진동 3-53,37.556268,129.1135977,영업,000-0000-0000,2018-05-14,49,강원특별자치도 동해시청,2025-11-04
별빛경로당,경로당,강원특별자치도 동해시 산제골2길 19(묵호진동),강원특별자치도 동해시 묵호진동 88-57,37.55283394,129.1123328,영업,000-0000-0000,2021-11-18,220,강원특별자치도 동해시청,2025-11-04
강변아파트경로당,경로당,강원특별자치도 동해시 전천로 175-24 (이도동),강원특별자치도 동해시 이도동 302-6,37.4811306,129.1098174,영업,000-0000-0000,2015-04-17,53,강원특별자치도 동해시청,2025-11-04
전천 경로당,경로당,강원특별자치도 동해시 구미3길 16 (구미동),강원특별자치도 동해시 구미동 464-3,37.4822117,129.1291121,영업,000-0000-0000,2017-08-25,93,강원특별자치도 동해시청,2025-11-04
해오름경로당,경로당,강원특별자치도 동해시 구미택지 6길 14 (구미동),강원특별자치도 동해시 구미동 589-6,37.47849266,129.1282204,영업,000-0000-0000,2018-09-10,99,강원특별자치도 동해시청,2025-11-04
북평석미모닝파크경로당,경로당,강원특별자치도 동해시 단봉길40 (북평동),강원특별자치도 동해시 북평동 324,37.47901323,129.1205999,영업,000-0000-0000,2018-09-17,144,강원특별자치도 동해시청,2025-11-04
명동경로당,경로당,강원특별자치도 동해시 대동로 139-5 (북평동),강원특별자치도 동해시 북평동 32-2,37.48383889,129.1247049,영업,000-0000-0000,2020-12-11,91,강원특별자치도 동해시청,2025-11-04
더스카이경로당,경로당,강원특별자치도 동해시 동해대로 4833(이도동),강원특별자치도 동해시 이도동 753,37.47721635,129.1116989,영업,000-0000-0000,2021-11-05,125,강원특별자치도 동해시청,2025-11-04
동해아이파크경로당,경로당,강원특별자치도 동해시 배골길 32-4,강원특별자치도 동해시 이도동 751,37.47704229,129.1090425,영업,000-0000-0000,2022-08-24,0,강원특별자치도 동해시청,2025-11-04
석미모닝아파트경로당,경로당,"강원특별자치도 동해시 해안로 635-5 (발한동, 동해발한석미모닝파크)",강원특별자치도 동해시 발한동 778,37.55672333,129.1026159,영업,000-0000-0000,2016-06-01,90,강원특별자치도 동해시청,2025-11-04
소학경로당,경로당,강원특별자치도 동해시 삼화로 85-23 (삼화동),강원특별자치도 동해시 삼화동 34-21,37.4829869,129.0621888,영업,000-0000-0000,2015-04-17,104,강원특별자치도 동해시청,2025-11-04
한양수자인아파트경로당,경로당,강원특별자치도 동해시 평릉1길 37-1,강원특별자치도 동해시 천곡동 1103,37.5287646359,129.0993857016,영업,000-0000-0000,2024-10-14,58.82,강원특별자치도 동해시청,2025-11-04
중앙경로당,경로당,강원특별자치도 동해시 삼화로 27,강원특별자치도 동해시 이로동 33-59,37.4862071966,129.066900,영업,000-0000-0000,2025-09-10,107,강원특별자치도 동해시청,2025-11-04
